"Just Before He Died, Robin Williams Sent A Terminal Cancer Patient This Heartfelt Video
http://t.co/2MWIqJY9xq"
Starbucks is releasing the pumpkin spice latte early this year http://t.co/s4BMC4SYUo
“Saturday Night Live” Announcer Don Pardo Dies At 96 http://t.co/Cesb4SXC99 http://t.co/ORhYRaGAms
"How Many Capital Cities Do You Know?
http://t.co/6Ucj2FNsyD"
Live Coverage: The Crisis In Ferguson http://t.co/F6nV12zOOE https://t.co/53UWgRXf0W
"Which “Law &amp; Order: SVU” Character Should You Hook Up With?
http://t.co/vj4EK4Ejvi"
"Kim Kardashian has morphed into Kylie Jenner and it’s very confusing
http://t.co/XuxSatdLO5 http://t.co/HG157VczUq"
